,0,1,2,3,4,5,6,7,8,9,10,11,12
0,,,,,,,,,,,,,
1,,,4410,Liestal,Bahnhofstrasse,5,2622130,1259391,Eingang Volkswirtschafts- und Gesundheitsdirektion,Nur während den Bürozeiten,VGD,47.48487540000001,7.732293999999999
2,,,4410,Liestal,Rathausstrasse,2,2622256,1259400,Haupteingang rechts nach Windfang an Wand, ,LKA ,47.4850246,7.733957800000001
3,,,4466,Ormalingen,Hauptstrasse,165,2632667,1257760,Aussen beim Haupteingang Zentrum Ergolz unterhalb Briefkasten, ,Einwohnergemeinde Ormalingen,47.4697871,7.871876599999999
4,,,4153,Reinach,Hauptstrasse,29,2611368,1260239,"Gasthof Schlüssel, WC-Treppe",Während den Öffnungszeiten,Monika und Arthur Wälti-Herzog,47.4928388,7.5896756
5,,,4410,Liestal,Rheinstrasse,25,2622043,1259575,Beim Empfang melden,"während der Oeffnungszeiten des Polizeipostens. Noch zu überprüfen
",Polizei BL,47.48647980000001,7.7311264
6,,,4450,Sissach,Netzenstrasse,1,2627169,1257515,"Eingangsbereich zwischen NSNW und Verkehrsabteilung Polizei, vom Hof aus.", ,NSNW Sissach 061 975 45 45,47.4679923,7.7984691
7,,,4433,Ramlinsburg,Gassenbrunnen ,10,2624502,1255568,Öffentlich zugänglich an Gebäude-Aussenseite,Keine,Gemeinde Ramlinsburg,47.4506427,7.763363
8,,,4229,Beinwil,Klosterkirche, ,2611206,1245734,"Zugang: 24h / 365 Tage im Jahr
Schilder AED zum Hauseingang neben Kirche.
AED frei zugänglich, links hinter Haustür",keine,"Kloster Beinwil, Oekumenische Gemeinschaft",47.3626529,7.588187500000001
9,,,4052,Basel,Mittlere Allee,18,2613505,1265525, ,"Mo - Fr 08.00 - 18.00 Uhr
","Departement für Sport, Bewegung und Gesundheit
",47.5384197,7.618926900000001
10,,,4105,Biel-Benken,"Primarschulhaus, Kilchbühlstrasse ",7,2606375,1261837,An der Aussenwand beim Schulhauseingang,keine,Gemeinde Biel-Benken,47.5073142,7.523096
11,,,4410,Liestal,Oristalstrasse,25,2622066,1259035,"Treppe/ Lift 1. Stock, Praxis Dr. Ritz",Nur während Praxiszeiten,"Dr. med. M. Ritz, Gastroenterologie FMH",47.4816375,7.731434999999999
12,,,4434,Hölstein,Bündtenweg ,40,2625050,1252751,Beim Eingang der Gemeindeverwaltung Hölstein,keine,Einwohnergemeinde Hölstein,47.4250258,7.7705426
13,,,4418,Reigoldswil,Dorfplatz,17,2619112,1249641,Wartehäuschen Bushaltestelle, , ,47.3977357,7.691820600000001
14,,,4153,Reinach BL,Hauptstrasse,10,2611485,1260342,"Parterre Gemeindeverwaltung
links neben den Liften",nur während den Öffnungszeiten derGemeindeverwaltung,Gemeinde Reinach,47.4937184,7.591071500000001
15,,,4104,Oberwil ,Mühlegasse ,10,2613505,1265525,"Fa. Böhringen, 1. EG beim Empfang",Mo - Fr. 07.30-12.00 / 13.30-17.00,"Böhringer AG
Ingenieure und Planer ",47.51219150000001,7.555239299999999
16,,,4418,Reigoldswil,Turnhalle Sekundarschule Reigoldswil, ,2618759,1249661,Im Eingang zur Turnhalle der Sekundarschule,Nur während Schulbetrieb,Samariterverein Reigoldswil,47.3986926,7.655404700000001
17,,,4437,Waldenburg,Bergstation Lufteilbahn Reigoldswil-Wasserfallen, ,2619748,1247012,Vor der Türe zum Restaurant Heidi-Stübli (rechts)., ,Stiftung Luftseilbahn Reigoldswil-Wasserfallen,47.3902778,7.6963889
18,,,4426,Lauwil,Lammetstr. ,3,2617948,1248691,vor der Eingangstüre Gemeindeverwaltung, ,Gemeinde Lauwil,47.3887399,7.6763299
19,,,4242,Laufen,Lochbruggstrasse,39,2604966,1252726,"Kantonsspital Baselland Standort Laufen, Erdgeschoss, kann im Notfall auch von Passanten geholt werden", ,Kantonsspital Baselland Standort Laufen,47.4251952,7.5040515
20,,,4144,Arlesheim,Domplatz ,12,2613701,1260164,im Eingangsbereich links,nachts geschlossen,Röm.-kath. Kirchgemeinde,47.4920844,7.620366700000001
21,,,,,,,,,,,,,
22,,,4437,Waldenburg,Hauptstrasse,85,2623283,1247853,Beim Empfang melden,Während den Betriebszeiten,Revue Thommen AG,47.3809742,7.746973100000001
23,,,4417,Ziefen,Primarschulhaus Eienstrasse 21, ,2620300,1253520,im Eingangsbereich auf der rechten Seite,während dem Schulbetrieb,Samariterverein Ziefen,47.4320593,7.7077779
24,,,4147,Aesch,Landskronstrasse,41,2611178,1258117,Im Eingangsbereich beim Sanitätsraum,Bei geöffneter Anlage,Mehrzweckhalle Löhrenacker,47.4735592,7.5869681
25,,,4147,Aesch,Dornacherstrasse,85,2612295,1258501,Neben Kasse,0900-1900 Mai - September,Schwimmbad Schützenmatte Aesch,47.4772,7.601769999999999
26,,,4147,Aesch,Hauptstrasse,23,2612105,1257242,Empfang,"Mo, Di, Fr. 0800-1200 Uhr & 1330-1630 Uhr
Mi 0730-1200 Uhr & 1330-1800 Uhr
Do 0800-1400 Uhr",Gemeindezentrum Aesch,47.4657451,7.5992283
27,,,4000,Basel,Bahnhof SBB, ,2611330,1266253,"Passerelle, neben Zugang zu Gleis 11", ,SBB,47.54758899999999,7.589662
28,,,4433,Ramlinsburg,Brünnliweg,9,2624677,1255269,Eingang MZH (aussen),keine,Gemeinde Ramlinsburg,47.4478922,7.765931699999999
29,,,4410,Liestal,Arisdörferstrasse,21,2622930,1259539,"APH Brunnmatt, im Restaurant im EG",08:30 bis 17:30,APH Brunnmatt,47.486388,7.7423644
30,,,4147,Aesch,Herrenweg ,14,2611779,1258145,"Direkt auf der linken Seite im Eingangsbereich des Steinackerhauses
","Montag, Dienstag, Donnerstag, Freitag in der Regel von 8 - 11.45 h und von 13.30 - 17 h.
An den anderen Tagen nur, wenn ein Anlass stattfindet und das Steinackerhaus geöffnet ist.",Evang. - Ref. Kirchgemeinde Aesch-Pfeffingen,47.4741156,7.594822799999999
31,,,4102,Binningen,Hauptstrasse,1,2610308,1265901,Zahnarztpraxis zur Waage,Während Oeffnungszeiten, ,47.5436896,7.575606499999999
32,,,4450,Sissach,Grienmattweg,47,2627296,1257759,"Tenniscenter, Eingangsbereich",Während den Öffnungszeiten, ,47.4697628,7.8002616
33,,,4410,Liestal,Frenkendörferstrasse,17,2621278,1260712,Im Eingangsbereich EG,Nur während den Bürozeiten,TBA/ZID,47.4966338,7.720899499999999
34,,,4493,Wenslingen,Hauptstrasse ,165,2635518,1254414,"AED steht rechtsseitig an der Wand im Feuerwehrmagazin, Zugangshilfe beachten",Keine,Gemeinde Wenslingen,47.4396277,7.9094674
35,,,4494,Oltingen,Hauptstrassse ,44,2637378,1253621,"Ehemalige Käserei, im Vorraum zu den Tiefkühlfächern.", ,Gemeinde Oltingen,47.4323369,7.934055499999999
36,,,4414,Füllinsdorf,Mitteldorfstrasse ,4,2622069,1261723,Im Eingang Gemeindeverwaltung,Während der Öffnungszeiten,Gemeinde Füllinsdorf; Sidler Kurt,47.5056508,7.730985
37,,,4469,Anwil,"Schulweg 79, Schulhaus und Mehrzweckhalle",79,2637850,1255917,Zugang über Schulhausplatz zu Fuss oder mit Zweirad möglich,Frei zugänglich,Gemeinde Anwil,47.3935352,7.885769599999999
38,,,4469,Anwil,"Hauptstrasse 13, Restaurant Jägerstübli",13,2637765,1255565,frei zugänglich, ,Gemeinde Anwil,47.4497875,7.939410299999999
39,,,4123,Allschwil,Baslerstrasse,111,2608086,1266860,An der Porte melden,"Während der Öffnungszeiten der Gemeindeverwaltung: 
Mo, Mi + Fr 08:00 - 11:45 und 14:00 bis 17:00 Uhr
Di + Do 08:00 - 11:45 Uhr",Gemeindeverwaltung Allschwil,47.5526962,7.546185500000001
40,,,4455,Zunzgen,Alte Landstrasse,5,2627800,1255442,Im Eingangsbereich Treppenhaus, , ,47.44910729999999,7.807182099999999
41,,,4105,Schlössli Biel-Benken,Mühlegasse,25,2605701,1261590,"Wand, Eingangsbereich",Zugang zum Schlössli nur während Spielgruppenbetrieb oder wenn dieses vermietet ist.,Gemeindeverwaltung Biel-Benken,47.5052101,7.5140161
42,,,,,,,,,,,,,
43,,,4419,Lupsingen,Liestalerstrasse,36,2619523,1255243,im Zwischeneingang der MZH,nur während dem Schulbetrieb oder bei Veranstaltungen,Einwohnergemeinde Lupsingen,47.447436,7.6973411
44,,,4106,Therwil,Schulgasse,1C,2608450,1260992,"99er-Sporthalle, nach der Eingangstür im Foyer rechts","öffentliches Gebäude, über Nacht nicht zugänglich","Gemeinde Therwil
Bahnhofstrasse 33
4106 Therwil
061 725 21 21",47.4995923,7.550635899999999
45,,,4106,Therwil,Bahnhofstrasse,36A,2609002,1260872,"Mehrzweckhalle beim Bahnhofschulhaus, nach Eingangstür im Foyer rechts",über Nacht geschlossen,"Gemeinde Therwil
Bahnhofstrasse 33
4106 Therwil
061 725 21 21",47.4983077,7.558198
46,,,4415,Lausen,Grammontstrasse,1,2624142,1258160,"Gemeindehaus, aussen am Gebäude, im Parterre, neben dem Bancomat der Basellandschaftlichen Kantonalbank ",Keine,Einwohnergemeinde Lausen,47.47371159999999,7.75938
47,,,4457,Diegten,Känerkinderstrasse,4,2628169,1251423,"Mehrzweckhalle Diegten, ausserhalb der Küche, beim Eingang, oberhalb der Treppe.", ,Gemeindeverwaltung Diegten,47.4129908,7.811855100000001
48,,,4402,Frenkendorf,Parkstrasse ,3,2621245,1261178,"Erdgeschoss, rechts neben Lift",Mo - Fr 8-17 Uhr,"Amt für Migration, SID",47.5009867,7.7203943
49,,,4142,Münchenstein,Schulackerstrasse ,4,2613100,1263190,"Haupteingang Verwaltung
neben dem Empfang an der Wand","während Bürozeiten öffentlich zugänglich
",Gemeinde Münchenstein,47.5193694,7.612452899999999
50,,,4142,Münchenstein,"Loogstrasse, Kuspo",2,2613413,1263290,"Eingang Foyer, links an der Wand",nur bei Anlässen zugänglich,Gemeinde Münchenstein,47.52046,7.616585
51,,,4132,Muttenz,Kirchplatz,3,2615594,1263566,Eingangshalle links hinter der Treppe 2. Tür oder an einem Schalter  melden.,"Öffnungszeiten Gemeinde Mo - Fr 9 - 11 und 14 - 16* Uhr, Mittwoch bis 18.30 Uhr",Gemeinde Muttenz,47.5227628,7.646000900000001
52,,,4132,Muttenz,Hauptstrasse,2,2615553,1263602,"Geschäftshaus, 1.OG im Gang/Treppenhaus
oder wenden Sie sich an eine/n Schalter/Abteiung.","Öffnungszeiten Gemeinde Mo - Fr  9 - 11 und 14 - 16, Mittwoch bis 18.30 Uhr",Gemeinde Muttenz,47.5229633,7.645553199999998
53,,,4202,Duggingen,Oberdorf ,11,2612698,1255640,Büro Einwohnerkontrolle,Öffnungszeiten Gemeinde,Gemeinde Duggingen,47.4514165,7.6070558
54,,,4202,Duggingen,Gillmattenweg,1,2612429,1255740,Haupteinang Gang rechts,Öffnungszeiten,Gemeinde Duggingen,47.4498811,7.6077201
55,,,4202,Duggingen,Aeschstrasse ,3,2612579,1255794,Lehrerzimmer,Öffnungszeiten Schulhaus,Gemeinde Duggingen,47.4531004,7.6050115
56,,,4437,Waldenburg,Hauptstrasse,30,2623426,1248202,Vor der Tür zum Eingang zur Turnhalle (rechts), ,"Einwohnergemeinde Waldenburg
Bruno Flück, Abwart",47.3842515,7.748723
57,,,4437,Waldenburg,Alte Hauensteinstrasse,26,2623259,1247128,Im Sommer während Schwimmbadsaison vor dem Büro Badmeister,Defibrilator nur im Sommer (Mitte Mai - Mitte September) zugänglich. Im Winter im Büro Badmeister,Einwohnergemeinde Waldenburg,47.3741037,7.746735200000001
58,,,4104,Oberwil,Im Thomasgarten,7,2608641,1262774,"Nur während Schulbetrieb geöffnet, 08.00 - 12.00 Uhr garantiert offen","Wochentags von 8.00 - 12.00 Uhr während Schulbetrieb geöffnet, ansonsten geschlossen","Gemeinde Oberwil
Hauptstrasse 24
4104 Oberwil",47.5154819,7.553324300000001
59,,,4104,Oberwil,Schulstrasse,6,2608843,1262673,Während Schulbetrieb von 08.00 - 12.00 Uhr geöffnet,Nur während Schulbetrieb geöffnet,"Gemeinde Oberwil
Hauptstrasse 24
4104 Oberwil",47.51473,7.5560731
60,,,4104,Oberwil,Sägestrasse,8d,2608943,1262240,Öffnungszeiten Hallenbad,"Montag - Freitag 08.00 - 21.30 h
Samstag 08.00 - 18.00 Uhr 
Sonntag 09.00 - 17.00 Uhr (Oktober bis März)
10.00 - 16.00 Uhr (April bis September) 
","Gemeinde Oberwil
Hauptstrasse 24
4104 Oberwil",47.5107651,7.5573098
61,,,4123,Allschwil,Baslerstrasse,226,2608617,1266976,Bitte im Sekretariat melden (Eingang links Richtung Basel vom Haupteingang),"Während den Öffnungszeiten des Sekretariats:
Montag, 9 - 12, 14 - 17 Uhr
Dienstag, Donnerstag und Freitag, 9 - 12 Uhr
",Evangelisch-reformierte Kirchgemeinde Allschwil-Schönenbuch,47.5535418,7.5532524
62,,,4443,Wittinsburg,Unterdorfstrasse,25,2630404,1252641,"Im Eingang zum Geburtshaus, unten an der Treppe. Für zusätzliche medizinische Hilfe beim Geburtshaus klingeln. Wir stellen auch einen Beatmungsbeutel zur Verfügung.",keine,"Geburtshaus ambra, Franziska Zumbrunn",47.4238558,7.8416253
63,,,,,,,,,,,,,
64,,,4437,Waldenburg,Hauptstrasse,12,2623432,1248412, , ,Waldenburgerbahn AG,47.3868197,7.7491533
65,,,4133,Pratteln,Oberemattstrasse,13,2619377,1263210,"Aussen am KSZ Pratteln, rechts vom Eingang Sporthallen",Keine,"Einwohnergemeinde Pratteln, Schlossstrasse 34, 4133 Pratteln",47.5194367,7.695619399999999
66,,,4133,Pratteln,Wartenbergstrasse,58,2618337,1263165,"Aussen am Schulhaus Aegelmatt, von Muttenzerstrasse her, Pfosten rechts",Keine,"Einwohnergemeinde Pratteln, Schlossstrasse 34, 4133 Pratteln",47.5190794,7.6819693
67,,,4133,Pratteln,Gehrenackerstrasse,7,2620001,1263424,"Aussen beim MIGROS Partner Gehrenacker, links um die Ecke bei der Sammelstelle",keine,"Einwohnergemeinde Pratteln, Schlossstrasse 34, 4133 Pratteln
",47.5212249,7.704351099999999
68,,,4436,Oberdorf,Dorfmattstrasse ,6,2623627,1249274,Beim Eingang der Gemeindeverwaltung,keine,Gemeinde Oberdorf,47.3938765,7.7516531
69,,,4450,Sissach,Renggenweg ,12,2627924,1256413,Das Gerät ist im Eingangsbereich zum Restaurant.,Das Gerät ist während den wechselnden Öffnungszeiten der Kunsteisbahn zugänglich., ,47.4574436,7.8086785
70,,,4123,Allschwil,Binningerstrasse ,116,2608563,1266061,Beim Empfang der Firma SKAN,Zu Bürozeiten,Firma SKAN AG,47.5450996,7.552258699999999
71,,,4208,Nunningen,Kleine Seite,6,2613639,1249235,In der Raiffeisen Filiale beim Bancomat, ,Andre Gasser oder Tom Betz,47.3938437,7.619251599999999
72,,,2814,Roggenburg,Hauptstrasse,7,2592520,1253716,An der Hauswand,keine,"Einwohnergemeinde Roggenburg
Gemeindeverwaltung
Höhenackerweg 2
2814 Roggenburg",47.43425190000001,7.339486399999999
73,,,4207,Bretzwil,Schulgasse,1,2616282,1249803,Eingangsbereich Gemeindezentrum ,keine,Einwohnergemeinde Bretzwil,47.3992324,7.655314199999999
74,,,4133,Pratteln,Giebenacherstrasse,10,2619941,1263888,"Schwimmbad Sandgrube, bei Sportbecken am 3m-Sprungturm",nur während Badi-Öffnungszeiten,"Einwohnergemeinde Pratteln, Schlossstrasse 34, 4133 Pratteln",47.525576,7.705182799999999
75,,,4133,Pratteln,Güterstrasse,10,2619010,1263578,"Aussen am Bahnhof Pratteln, Peron 1, rechts neben Kiosk",keine,"Einwohnergemeinde Pratteln, Schlossstrasse 34, 4133 Pratteln",47.5226363,7.6904546
76,,,4133,Pratteln,Längistrasse,14,2620463,1264782,"Aussen beim SPAR Supermarkt, rechts, bei Sammelstelle ",keine,"Einwohnergemeinde Pratteln, Schlossstrasse 34, 4133 Pratteln",47.53373879999999,7.710352899999999
77,,,4153,Reinach,Kägenstrasse ,10,2611988,1259669,Ecolab Nalco  2. Stock im Treppenhaus,Nur während Bürozeiten,Ecolab (Schweiz) GmbH,47.4877554,7.597327099999999
78,,,4123,Allschwil,Binningerstrasse,106,2608389,1266285,Gleich nach Eingangstür rechts im EG,Zu Bürozeiten,Firma SKAN AG,47.5466325,7.549773099999999
79,,,4410,Liestal,Rheinstrasse,29,2621962,1259572,"4. OG, Mittelgang oberhalb Druckgerät",7.30 – 12.00 und 13.30 – 17.00 Uhr,Tiefbauamt Basel-Landschaft,47.4865009,7.729921
80,,,4153,Reinach,Fluhstrasse,4a,2612403,1259665,Eingang Treppenhaus links,Während Arbeitszeit,TBA BL,47.4873075,7.602968499999999
81,,,4450,Sissach,Netzenstrasse ,3F,2627188,1257549,Haupteingang Tiefbauamt Innenbereich,Nur während den Bürozeiten,"Kanton Basel-Landschaft
Bau- und Umweldschutzdirektion
Infrastruktur und Mobilität
Tiefbauamt",47.46810079999999,7.799653500000001
82,,,4133,Pratteln,Schlossstrasse,34,2619236,1263271,"In der Verwaltung, beim Empfang melden",nur während Öffnungszeiten,"Einwohnergemeinde Pratteln, Schlossstrasse 34, 4133 Pratteln",47.5198711,7.6944266
83,,,4414,Füllinsdorf,Ergolzstrasse,31,2621506,1261571,"Arztpraxis im EG, Eingang seitlich","Während Praxisöffnungszeiten, i.d.R. werktags von 07.30 h bis 14.00 h",Dr. B. Biedermann,47.5044824,7.7240221
84,,,,,,,,,,,,,
85,,,4153,Reinach,Pfeffingerstrasse ,45,2611760,1259456,"2. OG, Stao Kantine","Montag bis Freitag 08.00 Uhr bis 16.45 Uhr, während Büroöffnungszeiten","Allpack Group AG, 4153 Reinach",47.4857916,7.594975700000001
86,,,4107,Ettingen,Gempenweg,19,2608439,1259075,"Schulhaus Trakt 2
Aussenfassade Haupteingang",24/7 zugänglich,Einwohnergemeinde Ettingen,47.4824499,7.550613399999999
87,,,4460,Gelterkinden,Marktgasse,8,2631490,1257115,Im Eingangsbereich der Gemeindeverwaltung,"Während den Öffnungszeiten der Gemeindeverwaltung:
Mo: 09.30 - 11.30 Uhr / 14.00 - 18.30 Uhr
Di, Mi, Fr: 09.30 - 11.30 Uhr / 14.00 - 16.30 Uhr
Do: 09.30 - 11.30 Uhr / geschlossen
",Einwohnergemeinde Gelterkinden,47.4641504,7.8564588
88,,,4107,Ettingen,Bahnweg,1,2608083,1259216,"Tramhaltestelle Bahnhof
Gleich neben dem Billette-Automaten",24/7 zugänglich,Einwohnergemeinde Ettingen,47.4836526,7.545925400000001
89,,,4402,Frenkendorf,Kirchgasse,2 ,2620784,1261383,"in der Kirche, im Sakristei-Raum",während kirchlichen Anlässen,Ev. ref. Kirchgemeinde Frenkendorf-Füllinsdorf / Stiftung Kirchengut Liestal,47.5028154,7.7138825
90,,,4410,Liestal,Mühlemattstrasse ,26,2621972,1259935,Limitierter Gebäudezugang - nur mit Personalausweis KSBL,Während der bedienten Zeiten des Empfangs,Direktionsempfang,47.48806159999999,7.731280099999999
91,,,4414,Füllinsdorf,Friedhofweg ,26,2621844,1261914,"in der Kirche, im Sakristei-Raum ",während kirchlichen Anlässen,Ev. ref. Kirchgemeinde Frenkendorf-Füllinsdorf  ,47.507542,7.728535699999999
92,,,4414,Arlesheim,Bromhübelweg,15,2613540,1259799,"im Haupteingangsbereich des Pflegeheims,  Benutzung beim Empfang oder Restaurant zwingend melden.",Zugang eingeschränkt: 7 - 19 Uhr,Stiftung Obesunne,47.4887482,7.618609999999999
93,,,4437,Waldenburg,Hauptstrasse,35,2623453,1248106,2. Stock rechte Türe,zu Bürozeiten,Tschudin + Heid AG,47.3833512,7.7490753
94,,,4302,Augst,Schulstr,1,2621148,1264857,Türen teilweise geschlossen,Schulzeiten offen,Gemeinde Augst,47.5340531,7.7195173
95,,,4142,Münchenstein,Pumpwerkstrasse,11,2619348,1255084, ,Haupteingangstüre offen i.d.R. Mo-Fr 06:00-18:00,bc medien ag,47.5162513,7.614288899999999
96,,,4465,Hemmiken,Hauptstrasse,50,2633912,1259646,Im Eingangsbereich der Mehrzweckhalle, ,"Einwohnergemeinde Hemmiken
Buusnerstrasse 3
4465 Hemmiken
",47.48695660000001,7.888849599999999
97,,,4123,Allschwil,Stockbrunnenrain,8,2608661,1266115,Die Mitarbeiter der Zentrale werden umgehend die weiteren Vorkehrungen einleiten und das interne Interventionsteam alarmieren.,"Mo. - Do., 07:30 - 12:00 / 13:00 - 17:00 Uhr
Fr. 07:30 - 13:00 Uhr","Stäubli Electrical Connectors AG
Stockbrunnenrain 8
4123 Allschwil",47.5457295,7.5535153
98,,,4123,Allschwil,Markstallstrasse,6,2606958,1265387,Gerät befindet sich beim Empfang,Zu den Bürozeiten (08.00 - 12.00 / 14.00 - 17.00),Stiftung Schweizerische Schule für Blindenführhunde,47.53922559999999,7.5310042
99,,,4410,Liestal,Oristalstrasse ,100a,2621353,1258352,"Hauptgebäude, Haupteingang",währende Bürozeiten,Amt für Militär und Bevölkerungsschutz,47.4757721,7.722206099999999
100,,,4410,Liestal,Oristalstrasse ,100a,2621383,1258328,"Hauptgebäude, Eingang Rampe",während Bürozeiten,Amt für Militär und Bevölkerungsschutz,47.4757721,7.722206099999999
101,,,4410,Liestal,Kantinenweg,30,2622606,1259296,"Dreifachsporthalle, Haupteingang",während Bürozeiten,Amt für Militär und Bevölkerungsschutz,47.4833386,7.7371737
102,,, ,Einsatzfahrzeug,BL 55018, , , , , ,Kantonale Krisenorganisation,47.44181220000001,7.7644002
103,,,4415,Lausen,Schelligackerweg,11,2624543,1258204,"Mehrzweckhalle Stutz, Parterre, im Korridor rechts","zu den Öffnungszeiten (unregelmässig, hängt vom Trainingsbetrieb ab)",Einwohnergemeinde Lausen,47.4741989,7.763594899999999
104,,,4142,Münchenstein,Loogstrasse,17,2613193,1263232,Je 1 AED auf Einsatzleiterfahrzeug sowie Tanklöschfahrzeug.,keine,"Feuerwehr Münchenstein, Hptm Fabian Waldvogel",47.519742,7.613623299999999
105,,,,,,,,,,,,,
106,,,4133,Pratteln,Netzibodenstrasse,16,2619466,1264375,Im Eingang A80 (Empfang),während den Geschäftszeiten,ARA Rhein AG,47.5296954,7.697102999999999
107,,,4437,Waldenburg,Hauptstrasse ,12,2623432,1248412,Bei  Postauto Haltestelle unter Perrondach, ,"Baselland Transport AG
Standort Waldenburg",47.3868197,7.7491533
108,,,4106,Therwil,Bahnhofstrasse,21,2608901,1261001,an der Hauswand neben dem Ortsplan,keine,"Gemeinde Therwil
Bahnhofstrasse 33
4106 Therwil
061 725 21 21",47.4995696,7.556908900000001
109,,,4106,Therwil,Känelrain,10,2608879,1260396,Sportanlage Känelboden / an der Aussenwand des Clubhauses,keine,"Gemeinde Therwil
Bahnhofstrasse 33
4106 Therwil
061 725 21 21",47.4939536,7.556113
110,,,4106,Therwil,Känelmattweg,9,2608829,1260534,Eingangsbereich der Musikschule,während den Öffnungszeiten der Musikschule,Jugendmusikschule Leimental,47.4961158,7.5556052
111,,,4127,Birsfelden,Muttenzerstrasse ,61,2614031,1266389,Bei der Garageneinfahrt innen links an der Wand. Die Garageneinfahrt ist von der Strasse aus leicht nach hinten versetzt.,durchgehend zugänglich,Lüthi Haustechnik AG,47.5480836,7.625042199999999
112,,,4133,Pratteln,Wannenweg,6,2620623,1263732,"Beim Tor 5, seitlich am Gebäude (im Wannenboden)",Werktags 07.00 - 12.00 und 13.00 - 16.00,"Systemtech Schneider AG
Rolf Hohler
Sicherheitsbeauftragter",47.52399700000001,7.7125306
113,,,4133,Pratteln,Wannenweg,6,2620623,1263732,"Beim Haupteingang, Büro (Wannenweg)","Werktags 07.00 - 12.00 und 13.00 - 16.00
","Schreinerei Schneider AG
Rolf Hohler
Sicherheitsbeauftragter
",47.52399700000001,7.7125306
114,,,4410,Liestal,Rheinstrasse,33b,2621887,1259645,Eingang Finanz- und Kirchendirektion,Nur während Bürozeiten,Zentrale Informatik,47.487082,7.7290234
115,,,4147,Aesch,Therwilerstrasse ,7,2611550,1258814,"impulstrain-in ag
physiotherapie/medical training
4 Stock bei Anmeldung/Reception
","an Werktagen 0700-1900Uhr
Samstag 0900-1300Uhr
Allg Feiertage und Sonntage geschlossen
Öffnungszeiten können vor Feiertagen variieren",impulstrain-in ag,47.4792095,7.592592
116,,,4153,Reinach,Seewenweg,6,2612205,1259508,"Defibrillator befindet sich in unseren Büroräumlichkeiten: Vom Büroeingang her muss maximal eine Tür geöffnet werden zur Küche. Der Küchenschrank, in welchem sich der Defibrillator befindet, ist mit einem grossen Aufkleber gekennzeichnet.","Zugang während Büro-Öffnungszeiten:
Mo. – Fr.  08:00 bis 12:00 h
Mo. – Do. 13:30 bis 17:00 h / Fr. bis 16:00 h
",Ridoma AG,47.4862355,7.6004778
117,,,4147,Aesch,Schlatthofweg,42,2610486,1258369,Im Eingangsbereich,täglich von 07:00 bis 22:00,"Verein für Sozialpsychiatrie Baselland
",47.4807035,7.577879
118,,,4153,Reinach,Schönenbachstrasse ,9,2611829,1261023,Im Eingangsbereich rechts,Von 7.00-22.00 Uhr,Verein für Sozialpsychiatrie BL,47.4998067,7.5955205
119,,,4153,Reinach,Bruggstrasse,91,2612156,1259899,"im Erdgeschoss, durch den Haupteingang geradeaus bis vor die Küche laufen, hängt links an der Wand","MO-FR  07.00 - 22.00h
SA-SO  08.00 - 22.00h",Verein für Sozialpsychiatrie BL,47.4898349,7.599967299999999
120,,,4052,Basel,Mittlere Allee,18,2613505,1265525,"=2.Gerät an derselben Adresse, im Gang auf der Südseite des Gebäudes.","Mo - Fr 08.00 - 18.00 Uhr
","Departement für Sport, Bewegung und Gesundheit
",47.5384197,7.618926900000001
121,,,4495,Zeglingen,Wisenstrase,3,2635126,1251768, , ,Einwohnergemeinde Zeglingen,47.4171869,7.907841299999999
122,,,4424,Arboldswil,Tittertenstrasse,6,2620942,1251460,Rechts neben dem Haupteingang der Schule.,Keine,Einwohnergemeinde Arboldswil,47.39788120000001,7.692387399999999
123,,,4410,Liestal,Rathausstrasse ,36,2622323,1259300,"Zugang von Salzgasse
AED links im Windfang Eingang Rathaus","Mo, Di, Do, Fr 08.00-12.00 / 13.30-16.30
Mi 10.30-18.30",Stadt Liestal,47.4840956,7.734739599999999
124,,,4416,Bubendorf,Hintergasse,20,2622465,1255479,"frei zugänglich an Aussenwand Gemeindeverwaltung, 15 Meter rechts von Eingang.",---,Einwohnergemeinde Bubendorf,47.449794,7.736352399999999
125,,,4416,Bubendorf,Sonneckstrasse,17,2622739,1255761,"frei zugänglich, rechts von Windfang Haupteingang Sporthalle",---,Einwohnergemeinde Bubendorf,47.45281689999999,7.7391165
126,,,,,,,,,,,,,
127,,,4438,Langenbruck,Kräheggweg ,1,2624933,1244412,die Defigruppe der Feuerwehr muss über den Notruf aufgeboten werden, ,Feuerwehr Langenbruck,47.3500635,7.7684162
128,,,4411,Seltisberg,Liestalerstrasse,5,2621265,1256999,"Rechte Gebäudeseite, beim Hintereingang",Keine,"Gemeinde Seltisberg, Liestalerstrasse 4, 4411 Seltisberg",47.4634271,7.720655099999999
129,,,4103,Bottmingen,Burggartenstrasse,15,2609749,1263588,Sanitätsraum,nur während Öffnungszeiten zugänglich,Gartenbad beim Schloss Bottmingen,47.522706,7.567991299999999
130,,,4103,Bottmingen,Burggartenstrasse,1,2609804,1263718,"Hallenbad, Sanitätsraum",nur während Öffnungszeiten zugänglich,Gemeinde Bottmingen,47.5239232,7.568831199999999
131,,,4127,Birsfelden,Hardstrasse,21,2614005,1266867,"Im Eingangsbereich des Haupteinganges (Hochparterre), vis-à-vis Schalter Stadtbüro; Standort ausgeschildert",Nur während Öffnungszeiten der Gemeindeverwaltung,"Gemeinde Birsfelden
Arbeitssicherheit und Gesundheitsschutz
Hardstrasse 21
4127 Birsfelden",47.5526087,7.6248977
132,,,4448,Läufelfingen,Eichhaldenweg,4,2631640,1249755,Neben Eingang MZH,07:30 Uhr - 22:00 Uhr,Einwohnergemeinde Läufelfingen,47.39791,7.85718
133,,,4123,Allschwil,Baslerstrasse ,111,2608089,1266883,Eingangshalle links beim Lift,"Mo: 7.00 - 19.00 Uhr / Di: 8.00 -11.45 Uhr / Mi: 8.00 - 11.45, 14.00 - 17.00Uhr / Do: 8.00 - 11.45 Uhr / Fr: 8.00 - 11.45, 14.00 - 17.00 Uhr",Einwohnergemeinde Allschwil,47.5526962,7.546185500000001
134,,,4123,Allschwil,Muesmattweg,6,2608760,1267177,Hallenbad beim Bademeister,nur während Öffnungszeiten Hallenbad zugänglich,Einwohnergemeinde Allschwil,47.5554573,7.5553098
135,,,4123,Allschwil,Lettenweg ,32,2607968,1266493,Eingangshalle beim Saal  ,nur während Öffnungszeiten Schulhauses zugänglich,Einwohnergemeinde Allschwil,47.5504864,7.5449795
136,,,4105,Biel-Benken,Mühlegasse, ,2605961,1261632,Im Eingangsbereich des Schlössli,so lange die Türe geöffnet ist,Gemeinde Biel-Benken,47.50526010000001,7.5160883
137,,,4402,Frenkendorf,Bahnweg,4,2621131,1261375,Zurückversetzter Neubau. Beim Empfang am Eingang melden.,"Montag-Freitag 06:00-23:30
Wochenende und Feiertage 07:00-23:30",Verein für Sozialpsychiatrie,47.5027885,7.7191242
138,,,4142,Münchenstein,Pfarrgasse,7,2613864,1262615,"EG , Mitarbeiterbüro", ,"Verein für Sozialpsychiatrie , Wohnhaus Vulpun",47.5140979,7.622645299999999
139,,,4105,Biel-Benken,In den Kleematten ,13,2606556,1262232,Privathaus,je nach Anwesenheit,Edwin Lüönd,47.51078400000001,7.525663399999999
140,,,4105,Biel-Benken,Friedrich-Oser Strasse, ,2606556,1262232,Feuerwehrmagazin - FW-Auto Saturn,Alarmierung über 118,Gemeinde - Feuerwehr Biel-Benken,47.50830699999999,7.521766400000001
141,,,4202,Duggingen,Kirchstrasse ,17,2612645,1255753, , ,Gemeinde Duggingen,47.4523291,7.606294500000001
142,,,4132,Muttenz,Breitestrasse,15,2615810,1263691,Besammlungsplatz Friedhof, ,Gemeinde Muttenz,47.5231712,7.648703500000001
143,,,4132,Muttenz,Bizenenstrasse,29,2616079,1264456,Fahrzeughalle Werkhof Gemeinde Muttenz,Nur während der Arbeitszeit,Gemeinde Muttenz,47.5304802,7.651651099999999
144,,,4132,Gemeinde Muttenz,Sandgrubenweg ,10,2614614,1264444,Eingangsbereich Garderoben Sportplatz Margelacker,Nur bei Aktivitäten auf dem Sportplatz,Gemeinde Muttenz,47.5306307,7.632409699999999
145,,,4132,Muttenz,Sandgrubenweg,10,2614614,1264444,Eingangsbereich Garderoben Sportplatz Margelacker,Nur bei Aktivitäten auf dem Sportplatz,Gemeinde Muttenz,47.5306307,7.632409699999999
146,,,4419,Lupsingen,Liestalerstrasse,14,2619348,1255084,Rechts neben dem Eingang der Gemeindeverwaltung an der nordöstlichen Fassadenecke.,frei zugänglich,Einwohnergemeinde Lupsingen,47.4462047,7.695169699999999
147,,,,,,,,,,,,,
148,,,4223,Blauen,Dorfstrasse,15,2606050,1255522,An der Aussenwand vom Gemeindehaus (beim ehemaligen FW-Magazin),keine,Einwohnergemeinde Blauen,47.4504879,7.5187716
149,,,4410,Liestal,Gitterlistrasse ,5b,2622759,1258833,"Foyer (Eingangsbereich) Sporthalle Frenke, vor Treppenabgang rechts in 1.Untergeschoss.","Montag-Freitag 05.00 Uhr - 22.00 Uhr
(Ausgenommen Schulferien und Feiertage)
Am Wochenende nur während Veranstaltungen geöffnet","Stadt Liestal
Abteilung Sicherheit 
Rathausstrasse 36
4410 Liestal",47.4773637,7.740190399999999
150,,,4457,Diegten,Känerkinderstrasse ,4,2628169,1251423,"Haupteingang Turnhalle, in den ersten OG. gehen, Wand rechts",keine bekannte,Gemeinde Diegten,47.4129908,7.811855100000001
151,,,4402,Frenkendorf,Bächliackerweg,4,2621074,1260872,"1 im Büro
1 in Logistik",07.00 - 17.00,"Debrunner Acifer AG
Bächliackerweg 4
4402 Frenkendorf",47.4987448,7.7181882
152,,,4124,Schönenbuch,Zollstrasse,5,2604733,1265102,Mehrzweckhalle,Keine,"Gemeinde Schönenbuch, Marcel Friederich",47.5364769,7.501414199999999
153,,,4246,Wahlen,Laufenstrasse ,2,2605814,1250081, , ,Einwohnergemeinde Wahlen,47.4013784,7.5159352
154,,,4246 ,Wahlen,Turnplatzweg ,2,2605757,1249846,In der Turnhalle,Nur zugänglich während dem Turnbetrieb!,Einwohnergemeinde Wahlen,47.394982,7.506457999999999
155,,,4410,Liestal,Militärstrasse,14,2623014,1259082,"Zwei AED's sind im Sanitätsraum des Hallen- und Gartenbad stationiert. 
Haupteingang des Hallenbades benutzen und Kassafrau kontaktieren.
","nur bei Öffnung des Hallenbades 
Mo-Fr von 06.00-21.00h
Sa+So von 08.00-17.00h",Sport- und Volksbad Gitterli AG,47.482039,7.744250099999999
156,,,4410,Liestal,Militärstrasse,14,2623014,1259082,Eingang Hallenbad. Zwei AED's sind im Sanitätsraum des Hallen- und Gartenbades stationiert. Kontaktieren Sie direkt die Kassafrau.,"Öffnungszeiten Hallenbad:
Mo-Fr: 06.00-21.00h
Sa+So: 08.00-17.00h",Sport- und Volksbad Gitterli AG,47.482039,7.744250099999999
157,,,4441,Thürnen,Rebgasse,9,2629592,1256081,"APH Jakobushaus 
Haupteingang, im Heimcafé links","21.00 - 07.00h Haupteingang geschlossen, Glocke betätigen.",APH Jakobushaus,47.4549205,7.831283899999999
158,,,4123,Allschwil,Hegenheimermattweg,150,2608533,1267700,"Sportanlage Bachgraben, Garderobengebäude",Ganzjährig verfügbar wenn Betrieb geöffnet. Zugänglich bei Anwesenheit Platzwart,Sportanlage Bachgraben,47.5596971,7.551572199999999
159,,,4102,Binningen,Margarethenpark,10,2611115,1265561,"KEB Margarethen, Kunsteisbahn St. Margarethen Sanität
",Saisonal verfügbar wenn Betrieb geöffnet.Betriebspersonal alarmieren. Gerät befindet sich im internen Rettungsrucksack.,"KEB Margarethen, Kunsteisbahn St. Margarethen Sanität",47.5422015,7.5841153
160,,,4142,Münchenstein,Wien-Strasse,1,2612878,1264947,"Erdgeschoss beim Empfang Magazin
","06:00 - 16:30 (Mo-Fr)
","ETAVIS Kriegel+Schaffner AG
",47.53511659999999,7.609671800000001
161,,,4142,Münchenstein,Grosse Allee,1H,2613709,1265455,"Gartenbad St.Jakob, Gartenbad St. Jakob / Tribüne
Betriebspersonal alarmieren. Gerät befindet sich im internen Rettungsrucksack.
","Saisonal verfügbar wenn Betrieb geöffnet
","Gartenbad St.Jakob, Gartenbad St. Jakob",47.5388161,7.619422999999999
162,,,4142,Münchenstein,Grosse Allee,1A,2613709,1265455,"Gartenbad St.Jakob, Gartenbad St. Jakob / Fundbüro.
Betriebspersonal alarmieren. Gerät befindet sich im internen Rettungsrucksack.
","Saisonal verfügbar wenn Betrieb geöffnet
","Gartenbad St.Jakob, Gartenbad St. Jakob",47.5388161,7.619422999999999
163,,,4142,Münchenstein,Grosse Allee,1A,2613709,1265455,"Gartenbad St.Jakob, Gartenbad St. Jakob Schiebetorraum / Kästli-Gebäude.
Betriebspersonal alarmieren. Gerät befindet sich im internen Rettungsrucksack.
","Saisonal verfügbar wenn Betrieb geöffnet
","Gartenbad St.Jakob, Gartenbad St. Jakob",47.5388161,7.619422999999999
164,,,4142,Münchenstein,Genuastrasse ,6,2612879,1264401,"Atelier 6 (Einlass über Klingel)
","08:00 - 17:00 (Mo-Fr)
","Historisches Museum Basel
",47.5301898,7.6096073
165,,,4052,Basel,Kleine Allee,6,2613588,1265156,"Sportanlage St.Jakob, Betriebsgebäude
","Ganzjährig verfügbar wenn Betrieb geöffnet. Zugänglich bei Anwesenheit Platzwart

",Sportanlage St.Jakob,47.5484185,7.610165400000001
166,,,4142,Münchenstein,Grosse Allee,20,2613658,1264947,"Sportanlage St.Jakob, Garderobengebäude A+B","Ganzjährig verfügbar wenn Betrieb geöffnet. Zugänglich bei Anwesenheit Platzwart

",Sportanlage St.Jakob,47.5368325,7.6198384
167,,,4142,Münchenstein,Kleine Allee,20,2613658,1264947,"Sportanlage St.Jakob, Tribünengebäude im Leichtathletikstadion EG
","Ganzjährig verfügbar wenn Betrieb geöffnet. Zugänglich bei Anwesenheit Platzwart

",Sportanlage St.Jakob,47.51813110000001,7.620042300000001
168,,,,,,,,,,,,,
169,,,4142,Münchenstein,Kleine Allee,20,2613658,1264947,"Sportanlage St.Jakob, Tribünengebäude im Leichtathletikstadion UG","Ganzjährig verfügbar wenn Betrieb geöffnet. Zugänglich bei Anwesenheit Platzwart

",Sportanlage St.Jakob,47.51813110000001,7.620042300000001
170,,,4133,Pratteln,Niderfeldstrasse ,5,2618134,1264459,"2. Etage gegenüber Caféteria
","07:00-18.00 (Mo.-Fr.)
","DHL Freight Terminal Pratteln
",47.5304886,7.6821125
171,,,4153,Reinach,Sternenhofstrasse ,15,2611872,1259922, , ,"AMETEK CTS GmbH
",47.4897257,7.5960999
172,,,4102,Binningen,Margarethenpark,10,2611115,1265561,"KEB Margarethen, Kunsteisbahn St. Margarethen, Speakerhäuschen",Saisonal verfügbar wenn Betrieb geöffnet.Betriebspersonal alarmieren. Gerät befindet sich im internen Rettungsrucksack.,"KEB Margarethen, Kunsteisbahn St. Margarethen Sanität",47.5422015,7.5841153
173,,,4052,Basel,Mittlere Allee,18,2613520,1265395,Eishalle St. Jakob-Arena. Einfahrt Eismaschine zwischen Garage und Eisfeld,Ganzjährig verfügbar wenn Betrieb geöffnet,Roger Soland,47.5384197,7.618926900000001
174,,,4464,Maisprach,Zeiningerstrasse ,3,2630765,1263910,Im Eingangsbereich des Gemeindezentrums an der linken Wand, ,Gemeindeverwaltung Maisprach,47.52526169999999,7.8472587
175,,,4142,Münchenstein,Lärchenstrasse ,7,2613145,1263524,Mo -Fr 8.00 Uhr - 17.00 Uhr  ,Mo -Fr 8.00 Uhr - 17.00 Uhr  ,HPZ Münchenstein,47.522261,7.6131403
176,,,4402,Frenkendorf,Liesdtalerstrase,2,2620838,1261253,Teambüro, ,"Verein für Sozialpsychiatrie, Rütihus",47.5017611,7.7152065
177,,,4410,Liestal,Hammerstrasse,45,2621591,1260860,Besprechungszimmer 1.OG,Bürozeiten,"Verein für Sozialpsychiatrie BL, Kunstwerkstatt",47.498007,7.7251645
178,,,4410,Liestal,Mühlemattstrasse,3,2622166,1259643, ,Bürozeiten,"Verein für Sozialpsychiatrie BL, Geschäftsstelle",47.4871592,7.7327888
179,,,4410,Liestal,Eichenweg,4,2621892,1259980, ,Bürozeiten,"Verein für Sozialpsychiatrie, Werkplatz",47.4903528,7.7289317
180,,,4450,Sissach,Hauptstrasse,40,2628406,1256984,"3. Stock, Praxis Bischofstein",Während der Praxisöffnungszeiten,Dr. med. P. Meier,47.463158,7.815376199999999
181,,,4410,Liestal,Oristalstrasse ,17,2622079,1259106,Im Eingangsbereich Schrank,während Praxisöffnungszeiten,Hausarztpraxis Dr. med. F. Friedli und M Richert,47.4822691,7.731726999999999
182,,,4242,Laufen,Hinterfeldstrasse,21,2604548,1252091, ,jeweils von Montag - Freitag von 07.30-11.30 und 13.00-16.30 Uhr (Praxisöffnungszeiten),Corinne Küng,47.4199253,7.499052499999999
183,,,4437,Waldenburg,Talweg ,6,2623662,1248352,"In der Arztpraxis Waldenburg (im Schrank des EKG-Zimmers, im Notfallrucksack)",Nur während Öffnungszeiten der Praxis,Praxis Waldenburg Dr. A. Früh,47.3855604,7.751970099999999
184,,,4142,Münchenstein,Tramstrasse ,66,2613419,1262041,"Im Walzwerkareal Gebäude C,  Eingang Empfang / Sekretariat des VSP benutzen.",nur während den Bürozeiten ,VSP Verein für Sozialpsychiatrie,47.5082842,7.616179499999999
185,,,4142,Münchenstein,Pfarrgasse ,7,2613814,1262615,"Im Teambüro EG, bei Betreuung melden.  ", ,VSP Verein für Sozialpsychiatrie BL,47.5140979,7.622645299999999
186,,,4153,Reinach,Bruggstrasse ,91,2612156,1259899,"Durch Haupteingang 2 Türen, vor Eingang Speiseraum links. ",ab 20.00Uhr via Pikettdienst vor Ort,VSP Verein für Sozialpsychiatrie BL ,47.4898349,7.599967299999999
187,,,4153,Reinach,Schönenbachstrasse ,9,2611819,1261023,"Haupteingang 2 Türen, rechts an der Wand",ab 20.00 Uhr via Pikettdienst ist vor Ort,VSP Verein für Sozialpsychiatrie BL,47.4998067,7.5955205
188,,,4467,Rothenfluh,Hirschengasse ,84,2635896,1256824,"Gemeindeverwaltung
Ehemalige Telefonkabine
beim Haupteingang links", ,Einwohergemeinde Rothenfluh,47.4611373,7.9147497
189,,,,,,,,,,,,,
190,,,4497,Rünenberg,Schulstrasse ,50,2633569,1253704,An der Hauptstrassen Seite  , ,Gemeinde Rünenberg,47.4333567,7.8836958
191,,,4410,Liestal,Wiedenhubstrasse,41,2621649,1259652,in der Praxis positioniert.,AED ist nur während den Praxisöffnungszeiten zugänglich (Mo-Fr 8-12 und 14-18h).,Dr.med. Renate Fischer,47.4871764,7.7259289
192,,,4410,Liestal,Kasernenstrasse ,57,2622833,1258851,"Sportanlage/Stadion Gitterli
Neben Eingang Garderobengebäude Seite Militärstrasse ", ,Stadt Liestal,47.4800131,7.7416647
193,,,4410,Liestal,Eichenweg ,1,622.070,259.790,"Haupteingang Gebäude 1a 08-00-17:00 besetzt
",06:00 -22:00 Mo-Fr  Gebäude 1 ,"Cordenpharma, Betriebssanität",47.4913588,7.7270673
194,,,4410,Liestal,Eichenweg ,1,622.070,259.790,"Haupteingang Gebäude 1a 08-00-17:00 besetzt
",06:00 -22:00 Mo-Fr  Gebäude 1 ,"Cordenpharma, Betriebssanität",47.4913588,7.7270673
195,,,4132,Muttenz,St. Jakob-Strasse,90,2614879,1264588,"Bei Empfang Autohaus Wederich, Donà AG melden, Defi in Direktannahme-Raum hinter Empfang",Nur während Öffnungszeiten,"Autohaus Wederich, Donà AG",47.5317132,7.635257699999999
196,,,4153,Reinach,Kägenstrasse,14,2611987,1259567,"Hinter Haupteingangstüre
von aussen Sichtbar


","Gewerbliche Betriebszeiten
","Bacher AG
Christoph Janz",47.4867075,7.5972922
197,,,4436,Oberdorf,Ueli Schadweg ,3,2623405,1249338, ,während Öffnungszeiten,Movimento Physio-und Trainingstherapie GmbH,47.3942199,7.748773499999999
198,,,4142,Münchenstein,Teichweg ,5,2613463,1264175,"Haupteingang, im Windfang links an der Wand","Freier Zugang zwischen 07:30Uhr bis 17:00Uhr. Ausserhalb dieser Zeiten hat das anwesende Personal einen Schlüssel.
",Beschäftiguns und Wohnheim Dychrain,47.5278111,7.6186951
199,,,4452,Itingen,Schulstrasse ,7b,2625466,1257502,beim Haupteingang zur Mehrzweckhalle,keine,Gemeinde Itingen,47.4663867,7.786670099999999
200,,,4452,Itingen,Dellenbodenweg ,8,2625466,1257502,Aussen beim Haupteingang,keine,Schaer Pharma,47.467986,7.776474700000001
201,,,4225,Brislach,Breitenbachstrasse,7,2607905,1251934,"Am Gebäude der Gemeindeverwaltung, von Aussen erreichbar (ebenso Rollstuhlgängig)",keine,Gemeindeverwaltung Brislach,47.4181671,7.5434693
202,,,4133,Pratteln,Giebenacherstrasse ,12,2620167,1263889,"Sportanlage Stadion Sandgruben, aussen am Garderobengebäude SO-Ecke, nach Tor im Stadion",keine,"Einwohnergemeinde Pratteln, Schlossstrasse 34, 4133 Pratteln",47.5262197,7.703811000000001
203,,,4133,Pratteln,Erliweg,12,2619868,1262862,"Schulhaus Erlimatt I, Aussentreppe eine Ebene hoch (Niveau 3), links, am ersten Pfosten gedeckter Pausenplatz",keine,"Einwohnergemeinde Pratteln, Schlossstrasse 34, 4133 Pratteln",47.515977,7.7023602
204,,,4153,Reinach,Pfeffingerstrasse ,21, , ,Über die Rampe rechts neben dem Bürogebäude,"07.00 - 16.30 Uhr
Montag - Freitag",Neoperl AG,47.4881598,7.5947203
205,,,4144,Arlesheim ,Ermitagestrasse  ,1, , ,"Neben dem Eingang zum Laden des Werkstar 
24h Zugänglicher Kasten", ,"Almas Industries
0216370230",47.4949555,7.6200499
206,,,4132,Muttenz,Baselstrasse,89, , ,Im Hallenbad Muttenz beim Bademesieter,Nur während der Öffnungszeiten,Hallenbad Muttenz,47.5257997,7.6369218
207,,,4444,Rümlingen,hohrainweg 93,Lang, , , , ,"Gemeinde
Turnhalle  AED  vor eingangstüre",47.424998,7.849127799999999
208,,,4495,Zeglingrn,Wisenstrasse, , , ,Bei der Mehrzweckhalle, , ,47.4100421,7.901342100000001
209,,,4460,Gelterkinden,Turnhallenstrasse,18,2631261,1256966,Im Aussenbereich vor dem Haupteingang zur oberen Mehrzweckhalle,Keine,Einwohnergemeinde Gelterkinden,47.4627744,7.853216399999999
210,,,,,,,,,,,,,
211,,,4460,Gelterkinden,Lachmattstrasse,22,2632277,1256542,"Hallenbad, bei der Badmeisteraufsicht","Zu den Öffnungszeiten HFG:
https://gelterkinden.ch/de/kultur-und-freizeit/hallen-freibad-gelterkinden/oeffnungszeiten-preise.php",Einwohnergemeinde Gelterkinden,47.4590147,7.866325100000001
212,,,4460,Gelterkinden,Kippweg,1,2632545,1256316,"Fussballplatz Wolfstiege
EG, im Gang zwischen Clubbeiz und WC-Anlagen",Während dem Spiel- und Trainingsbetrieb des Fc Gelterkinden,Fussballclub Gelterkinden,47.4599679,7.8595619
213,,,4450,Sissach,Bahnhofstrasse ,1,2628068,1257096,"An der rechten Wand beim Hintereingang, Zugang vom Gemeindeparkplatz her.", ,Gemeindeverwaltung Sissach,47.4641169,7.8108446
214,,,4254,Liesberg Dorf,Dorfstrasse,11, , ,"Standort: Neben dem Schulhaus
frei zugänglich, in beheiztem Aussenkasten",Keine,Einwohnergemeinde Liesberg,47.4039216,7.430001700000001
215,,,4254,Liesberg Dorf,Seemättliweg,19, , ,"Beim Haupteingang zur Seemättlihalle
frei zugänglich, in beheiztem Aussenkasten",Keine,Einwohnergemeinde Liesberg,47.40241839999999,7.425377200000001
216,,,4253,Liesberg,Riederwaldstrasse,2, , ,"Nord-Fassade am Feuerwehrmagazin
frei zugänglich, in beheiztem Aussenkasten",Keine,Einwohnergemeinde Liesberg,47.3954403,7.421515599999999
217,,,4461,Böckten,Weiermattstrasse,2,2629867,1257019,"Sichtbar von Weiermattstrasse, links von Nebeneingang an Fassade montiert",keine,Gemeinde Böckten,47.4634087,7.834706899999999
218,,,4460,Gelterkinden,Balkenweg ,20, , ,"Das Gerät befindet sich im Parterre, nach Treppe Haupteingang 1. Türe, links, Pausenzimmer. Hinweis am Schrank.",Öffnungszeiten während Bürostunden. Feuerwehr Gelterkinden hat mit Schlüssel jederzeit Zugang.,"Evelyne Bauer Richter
Institutionsleiterin",47.4614196,7.850495899999999
219,,,4147,Aesch,Landskronstrasse,41, , ,Eingang Küche,Bei geöffneter Anlage,Einwohnergemeinde Aesch,47.4735592,7.5869681
220,,,4147,Aesch,Dornacherstrasse,43D, , ,"Schulhaus Schützenmatt, 
Sockelgeschoss,Trakt D
Zugang Hallenbad/Technik",Mo - Fr 07:00 - 21:45 Uhr,Einwohnergemeinde Aesch,47.4742892,7.6004604
221,,,4147,Aesch,Ettingerstrasse,11, , ,Haupteingang aussen,Täglich 24 h,Einwohnergemeinde Aesch,47.4707652,7.593761600000001
222,,,4153,Reinach BL,Pfeffingerstrasse,1,2611750,1159912,In der Fahrzeughalle an der hinteren Wand,meistens ohne Einschränkung,Gemeinde Reinach Feuerwehr,47.4901286,7.594594600000001
223,,,4153,Reinach BL,Mühlemattweg ,24,2612315,1260435,Im Eingangsbereich der Schwimmbades (Kasse),Während den Öffnungszeiten des Schwimmbades,Gemeinde Reinach Schwimmbad,47.4946718,7.602012299999998
